"BROKEN","EPIC","FAILED","FEATURE","PASSED","SKIPPED","STORY","UNKNOWN"
"0","","0","Authentication","1","0","A wrong password is refused","0"
"0","","0","Seed data","2","0","The contact ids the suite hardcodes belong to the tenants it assumes","0"
"0","","0","Seed data","5","0","The seeded campaigns are in the states the constants name","0"
"0","","0","Seed data","4","0","The seeded segments are the kind and tenant the constants claim","0"
"0","","0","Contacts","1","0","Paging returns a correct envelope and distinct pages","0"
"0","","0","Seed data","1","0","The pagination constants match the API's actual contract","0"
"0","","0","Authorisation","1","0","A viewer cannot create contacts","0"
"0","","0","Authentication","1","0","A successful login identifies the caller's tenant and role","0"
"0","","0","Tenant isolation","1","0","Another tenant's contact is not found, rather than forbidden","0"
